domain,description,source,created_at
8023079.fs1.hubspotusercontent-na1.net,,manual,2025-11-15 09:29:20
admin.coe.ad.jp,,manual,2025-10-19 15:48:52
aeoncard.co.jp,イオンカード,manual,2025-11-22 22:08:23
ak-d.tripcdn.com,,manual,2025-11-04 05:56:45
apple.co.jp,Apple Japan,manual,2025-11-22 22:08:23
appleid.apple.com,,manual,2025-11-15 09:38:57
bic-camera.co.jp,ビックカメラ,manual,2025-11-22 22:08:23
bookwalker.jp,,manual,2025-10-20 05:32:44
buy.itunes.apple.com,,manual,2025-10-21 01:45:58
cdn.paypay-card.co.jp,,manual,2025-10-28 01:43:44
cdn.worldvectorlogo.com,,manual,2025-10-20 04:57:54
ci3.googleusercontent.com,,manual,2025-11-04 06:12:54
corp.rakuten.co.jp,,manual,2025-10-27 06:31:54
cp.jaccs.co.jp,,manual,2025-11-15 09:37:49
d1sb0fog4uatn4.cloudfront.net,,manual,2025-11-04 06:00:38
del.dhl.com,,manual,2025-11-04 06:01:12
developer.microsoft.com,,manual,2025-11-20 07:45:42
dhl.co.jp,DHL Japan,manual,2025-11-22 22:08:23
dimg04.tripcdn.com,,manual,2025-11-04 05:56:41
ec.nintendo.com,,manual,2025-10-20 04:28:25
edm2.yodobashi.com,,manual,2025-11-05 01:20:04
email.images.apple.com,,manual,2025-11-04 06:00:21
eonet.ne.jp,eonet,manual,2025-11-22 22:08:23
etc-meisai.jp,ETC利用明細,manual,2025-11-22 22:08:23
etccard.jp,ETCカード,manual,2025-11-22 22:08:23
expy.jp,,manual,2025-11-04 06:04:56
gigsky.sng.link,,manual,2025-10-18 18:24:17
gigsky.us6.list-manage.com,,manual,2025-10-18 16:50:04
global.rakuten.com,,manual,2025-10-27 06:32:00
go-etc.jp,ETC利用照会サービス,manual,2025-11-22 22:08:23
go.microsoft.com,,manual,2025-11-20 07:45:52
google.com),,manual,2025-11-04 06:03:50
image.card.jp.rakuten-static.com,,manual,2025-10-26 06:09:44
image.info.jr-odekake.net,,manual,2025-10-18 14:52:17
image.mail.tokyo-gas.co.jp,,manual,2025-11-04 05:56:00
image.paypay.ne.jp,,manual,2025-11-11 03:58:25
image.playstationemail.com,,manual,2025-10-26 06:09:02
image.yodobashi.com,,manual,2025-10-20 04:31:14
is1-ssl.mzstatic.com,,manual,2025-10-21 01:46:28
ivr.jaccs.co.jp,,manual,2025-11-04 05:53:56
jcb.co.jp,JCB - クレジットカード,manual,2025-11-22 22:08:23
kddi.com,KDDI,manual,2025-11-22 22:08:23
learn.microsoft.com,,manual,2025-11-20 07:45:46
login.paypay-bank.co.jp,,manual,2025-11-04 06:03:03
ma1.ponta.jp,,manual,2025-10-20 05:09:34
marketing.paidy.com,,manual,2025-11-15 09:29:06
mastercard.co.jp,Mastercard Japan,manual,2025-11-22 22:08:23
mercari.jp,メルカリ Japan,manual,2025-11-22 22:08:23
microsoft.co.jp,Microsoft Japan,manual,2025-11-22 22:08:23
motorsystem.jp,,manual,2025-10-20 05:30:41
my.jcb.co.jp,,manual,2025-11-14 06:00:12
my.paidy.com,,manual,2025-11-20 08:32:58
mydhl.express.dhl,,manual,2025-11-04 06:01:07
nttdocomo.co.jp,NTTドコモ,manual,2025-11-22 22:08:23
order.yodobashi.com,,manual,2025-10-20 04:31:06
paypay.ne.jp,,manual,2025-10-30 12:17:38
play-lh.googleusercontent.com,,manual,2025-10-23 05:00:06
privacy.rakuten.co.jp,,manual,2025-10-27 06:32:05
pscom.jp,,manual,2025-11-04 05:59:29
r.r10s.jp,,manual,2025-10-28 01:42:34
r89pgw1s.r.ap-northeast-1.awstrack.me,,manual,2025-11-11 03:50:16
rec.mpse.jp,,manual,2025-10-20 05:12:02
res.cloudinary.com,,manual,2025-11-05 01:19:12
s.mzstatic.com,,manual,2025-10-21 01:46:23
saisoncard.co.jp,セゾンカード,manual,2025-11-22 22:08:23
schemas.microsoft.com,,manual,2025-10-18 06:52:27
smbc-card.com,,manual,2025-10-23 09:18:43
sonybank.jp,,manual,2025-10-20 05:14:57
statici.icloud.com,,manual,2025-11-15 09:43:32
storage.googleapis.com,,manual,2025-10-20 05:40:25
support.apple.com,,manual,2025-10-18 01:59:53
support.nintendo.com,,manual,2025-11-04 05:53:17
tepco.co.jp,TEPCO,manual,2025-11-22 22:08:23
tokyo-gas.co.jp,Tokyo Gas,manual,2025-11-22 22:08:23
tokyogas.co.jp,Tokyo Gas,manual,2025-11-22 22:08:23
touban.icscoe.jp,,manual,2025-11-21 09:03:11
u56419808.ct.sendgrid.net,,manual,2025-10-20 05:13:55
unext.jp,U-NEXT,manual,2025-11-22 22:08:23
upload.wikimedia.org,,manual,2025-10-20 05:01:27
uqmobile.jp,UQ mobile,manual,2025-11-22 22:08:23
viewcard.co.jp,ビューカード,manual,2025-11-22 22:08:23
viewsnet.jp,,manual,2025-11-05 01:21:50
visa.co.jp,Visa Japan - クレジットカード,manual,2025-11-22 22:07:36
wis.pocketcard.co.jp,,manual,2025-11-20 07:48:23
wmng.dream.jp,,manual,2025-10-21 11:56:48
www.aeon.co.jp,,manual,2025-11-04 06:00:46
www.amazon.co.jp,,manual,2025-11-10 03:56:06
www.ana.co.jp,,manual,2025-10-17 16:03:17
www.apple.com,,manual,2025-10-21 01:46:07
www.daiwa.jp,,manual,2025-11-14 05:59:48
www.eki-net.com,,manual,2025-10-23 05:22:26
www.eposcard.co.jp,,manual,2025-11-15 09:25:01
www.etc-meisai.jp,,manual,2025-10-18 06:53:38
www.facebook.com,,manual,2025-11-17 00:23:53
www.gigsky.com,,manual,2025-10-20 05:14:40
www.goldpoint.co.jp,,manual,2025-11-05 01:21:02
www.google-analytics.com,,manual,2025-10-30 12:16:42
www.google.com,,manual,2025-10-21 01:46:51
www.instagram.com,,manual,2025-11-17 00:24:05
www.interactivebrokers.com,,manual,2025-10-18 18:23:59
www.jaccs.co.jp,,manual,2025-11-04 05:53:42
www.jal.co.jp,,manual,2025-11-19 09:55:11
www.japanpost.jp,,manual,2025-10-20 04:46:11
www.kddi-fs.com,,manual,2025-10-24 04:07:15
www.kuronekoyamato.co.jp,,manual,2025-10-19 15:48:45
www.mastercard.co.jp,,manual,2025-10-27 00:47:57
www.mastercard.com,,manual,2025-10-27 00:48:08
www.mercari.com,,manual,2025-10-18 02:23:51
www.monex.co.jp,,manual,2025-10-20 04:30:32
www.nintendo.co.jp,,manual,2025-11-04 05:53:28
www.nomura.co.jp,,manual,2025-10-30 00:38:52
www.orico.co.jp,,manual,2025-11-04 05:55:46
www.paypay-card.co.jp,,manual,2025-10-18 16:22:52
www.playstation.com,,manual,2025-10-26 06:08:54
www.pocketcard.co.jp,,manual,2025-11-04 05:56:51
www.post.japanpost.jp,,manual,2025-10-18 01:21:25
www.rakuten-bank.co.jp,,manual,2025-10-18 05:53:06
www.rakuten-card.co.jp,,manual,2025-10-27 06:31:41
www.rakuten.co.jp,,manual,2025-10-18 14:51:19
www.sagano-kanko.co.jp,,manual,2025-11-04 06:07:23
www.sagawa-exp.co.jp,,manual,2025-10-20 05:31:36
www.saisoncard.co.jp,,manual,2025-11-05 01:18:49
www.sbisec.co.jp,,manual,2025-10-24 01:25:04
www.shop.post.japanpost.jp,,manual,2025-11-15 09:16:44
www.sinet.ad.jp,,manual,2025-11-20 07:47:28
www.smbc.co.jp,,manual,2025-10-20 05:52:57
www.smile-etc.jp,,manual,2025-11-04 05:55:02
www.takarakuji-official.jp,,manual,2025-11-14 05:58:53
www.trip.com,,manual,2025-11-04 05:56:24
www.trustpilot.com,,manual,2025-11-17 00:24:26
www.w3.org,,manual,2025-10-17 16:03:41
www.w3c.org,,manual,2025-11-04 06:00:09
www.yodobashi.com,,manual,2025-10-20 04:30:58
www2.smile-etc.jp,,manual,2025-11-04 05:54:58
www2.uccard.co.jp,,manual,2025-11-07 04:06:58
